S. no,Name,Age,Gender
9276001,Karen,19,Male
9276002,Jone,12,Female
9276003,Mani,34,Male
9276004,abi,23,Female
9276005,dhanu,20,Female
9276006,kumar,43,Male
9276007,Ajay,34,Male
9276008,Samyu,26,Female
9276009,kamal,56,Male
9276010,Mackenzie,30,Female
9276011,Kathir,16,Male
9276012,Madhan,32,Male
9276013,Kavya,23,Female
9276014,Kavin,17,Male
9276015,Mukesh,41,Male
9276016,Pooja,31,Female
9276017,abi,23,Female
9276018,Manju,36,Female
9276019,Arun,19,Male
9276020,Jeeva,28,Male
9276021,Kalai,35,Male
9276022,Nive,21,Female
9276023,Kani,17,Female
9276024,Madhu,19,Female
9276025,Gokul,26,Male